Granularity,Time_Elapsed,Mean CPU_Percentage,Max CPU_Percentage,Mean RAM_Percentage,Max RAM_Percentage,Mean RAM_Usage_GB,Max RAM_Usage_GB
1.0,2:49:20.634612,15.672386146576855,73.83749999999999,58.42639991957374,67.1,12.640901723746452,14.506614685058594
