Granularity,Time_Elapsed,Mean CPU_Percentage,Max CPU_Percentage,Mean RAM_Percentage,Max RAM_Percentage,Mean RAM_Usage_GB,Max RAM_Usage_GB
23.0,0:06:49.580828,23.016102216748767,51.400000000000006,81.32783251231527,83.0,13.58476019610325,13.857280731201172
